run_id,timestamp,world,run_start_t,gates_detected,gate_positions,gates_lost_count,lap2_start_t,lap2_end_t,lap2_duration_s,lap2_started,lap2_finished,timed_out,notes
1,2026-04-29T21:11:08,crazyflie_world_assignment.wbt,0.02,5,"[3.26, 2.67, 1.84] | [5.2, 1.24, 1.52] | [5.72, 4.05, 1.1] | [4.71, 6.65, 1.53] | [3.04, 5.25, 1.35]",0,86.32,104.28,17.96,True,True,False,
2,2026-04-29T21:15:00,crazyflie_world_assignment.wbt,0.01,2,"[3.35, 2.69, 1.58] | [4.62, 1.63, 1.82]",1,,,,False,False,True,gate_lost_at=3 | timeout_at_real=300s
3,2026-04-29T21:20:00,crazyflie_world_assignment.wbt,0.01,2,"[2.62, 2.22, 0.87] | [5.42, 1.62, 1.34]",0,,,,False,False,False,
4,2026-04-29T21:21:03,crazyflie_world_assignment.wbt,0.01,0,,0,,,,False,False,False,
5,2026-04-29T21:21:32,crazyflie_world_assignment.wbt,0.01,5,"[3.38, 2.33, 1.48] | [5.21, 2.19, 1.7] | [6.58, 3.87, 1.02] | [5.77, 6.51, 1.14] | [3.34, 5.89, 0.65]",0,52.51,71.01,18.5,True,True,False,
6,2026-04-29T21:23:54,crazyflie_world_assignment.wbt,0.02,5,"[3.14, 2.86, 0.67] | [6.01, 1.73, 0.95] | [6.2, 4.52, 1.53] | [4.87, 7.08, 0.96] | [2.19, 6.51, 1.22]",0,73.78,95.31,21.54,True,True,False,
7,2026-04-29T21:27:01,crazyflie_world_assignment.wbt,0.02,4,"[2.41, 1.55, 1.41] | [5.72, 1.82, 1.63] | [5.55, 4.38, 1.6] | [2.79, 6.59, 1.1]",0,,,,False,False,True,timeout_at_real=275s
8,2026-04-29T21:31:36,crazyflie_world_assignment.wbt,0.01,3,"[3.11, 2.69, 1.77] | [4.99, 2.71, 1.04] | [6.8, 3.95, 1.27]",0,,,,False,False,False,
9,2026-04-29T21:32:25,crazyflie_world_assignment.wbt,0.02,0,,0,,,,False,False,False,interrupted
1,2026-04-29T21:34:23,crazyflie_world_assignment.wbt,0.02,4,"[3.12, 2.65, 0.87] | [5.06, 2.8, 1.53] | [5.56, 4.39, 0.51] | [4.71, 5.41, 1.41]",0,,,,False,False,True,timeout_at_real=255s
2,2026-04-29T21:38:37,crazyflie_world_assignment.wbt,0.02,5,"[1.98, 1.33, 1.24] | [4.77, 2.29, 1.18] | [6.34, 4.03, 1.43] | [5.57, 5.55, 0.68] | [2.64, 6.11, 1.78]",0,56.11,77.29,21.18,True,True,False,
3,2026-04-29T21:41:08,crazyflie_world_assignment.wbt,0.02,5,"[3.28, 2.05, 1.62] | [5.34, 1.89, 1.28] | [6.47, 4.25, 1.67] | [5.35, 6.44, 1.85] | [2.66, 5.97, 1.04]",1,55.75,75.45,19.7,True,True,False,gate_lost_at=1
4,2026-04-29T21:43:36,crazyflie_world_assignment.wbt,0.02,5,"[2.98, 1.21, 0.98] | [5.03, 2.7, 1.74] | [7.29, 4.04, 1.45] | [4.8, 6.12, 1.35] | [2.95, 5.5, 0.8]",2,98.9,119.67,20.77,True,True,False,gate_lost_at=1 | gate_lost_at=4
5,2026-04-29T21:47:30,crazyflie_world_assignment.wbt,0.02,4,"[2.7, 1.74, 0.77] | [5.96, 1.9, 1.55] | [6.39, 4.11, 1.1] | [5.12, 5.27, 0.68]",2,,,,False,False,True,gate_lost_at=5 | gate_lost_at=5 | timeout_at_real=253s
6,2026-04-29T21:51:43,crazyflie_world_assignment.wbt,0.01,5,"[2.5, 1.16, 1.59] | [5.78, 2.1, 1.55] | [7.17, 3.44, 0.8] | [4.64, 5.72, 0.79] | [3.37, 5.3, 1.24]",1,71.07,91.14,20.06,True,True,False,gate_lost_at=1
7,2026-04-29T21:54:42,crazyflie_world_assignment.wbt,0.02,5,"[2.99, 0.8, 1.46] | [5.64, 1.09, 1.64] | [6.13, 4.25, 0.66] | [5.41, 6.29, 0.85] | [3.41, 6.22, 1.86]",1,66.76,88.78,22.02,True,True,False,gate_lost_at=1
8,2026-04-29T21:57:36,crazyflie_world_assignment.wbt,0.01,5,"[3.3, 2.34, 1.69] | [5.4, 1.99, 0.71] | [6.19, 3.88, 0.96] | [5.67, 6.63, 1.65] | [2.73, 6.53, 0.73]",0,59.49,80.18,20.7,True,True,False,
9,2026-04-29T22:00:13,crazyflie_world_assignment.wbt,0.02,3,"[3.31, 2.14, 1.16] | [5.36, 1.81, 1.78] | [6.33, 3.65, 1.49]",1,,,,False,False,True,gate_lost_at=4 | timeout_at_real=269s
10,2026-04-29T22:04:42,crazyflie_world_assignment.wbt,0.02,1,"[2.89, 2.37, 0.9] | [5.21, 2.02, 0.62] | [5.52, 4.24, 1.3] | [2.62, 6.8, 1.67] | [3.16, 1.35, 1.3]",2,,,,False,False,True,gate_lost_at=4 | gate_lost_at=1 | timeout_at_real=266s
11,2026-04-29T22:09:08,crazyflie_world_assignment.wbt,0.02,2,"[2.8, 1.09, 0.78] | [4.57, 2.0, 1.1]",1,,,,False,False,True,gate_lost_at=3 | timeout_at_real=254s
12,2026-04-29T22:13:22,crazyflie_world_assignment.wbt,0.02,1,"[3.06, 2.16, 1.27]",0,,,,False,False,False,interrupted
1,2026-04-29T22:14:36,crazyflie_world_assignment.wbt,0.02,5,"[2.74, 0.97, 0.67] | [5.18, 1.33, 0.73] | [6.07, 4.32, 1.16] | [4.89, 7.3, 1.84] | [3.11, 5.54, 1.39]",0,71.33,93.42,22.1,True,True,False,
2,2026-04-29T22:17:38,crazyflie_world_assignment.wbt,0.02,5,"[2.78, 1.84, 1.3] | [4.68, 2.43, 1.83] | [5.53, 4.11, 1.88] | [5.66, 6.5, 1.77] | [3.43, 5.7, 1.79]",0,65.01,82.6,17.59,True,True,False,
3,2026-04-29T22:20:20,crazyflie_world_assignment.wbt,0.02,5,"[2.75, 1.65, 0.98] | [5.24, 1.41, 1.36] | [7.14, 3.56, 0.68] | [5.08, 6.95, 1.29] | [2.99, 5.59, 1.8]",1,67.31,89.45,22.14,True,True,False,gate_lost_at=4
4,2026-04-29T22:23:24,crazyflie_world_assignment.wbt,0.01,5,"[2.67, 2.16, 1.58] | [5.65, 1.37, 1.43] | [6.39, 3.86, 1.51] | [6.16, 6.59, 1.79] | [2.14, 6.45, 1.55]",2,117.66,140.93,23.27,True,True,False,gate_lost_at=5 | gate_lost_at=5
5,2026-04-29T22:28:24,crazyflie_world_assignment.wbt,0.01,5,"[2.02, 1.7, 1.74] | [5.11, 2.57, 1.58] | [6.1, 4.19, 1.24] | [5.65, 6.87, 1.91] | [3.53, 5.73, 1.17]",0,64.42,84.82,20.4,True,True,False,
6,2026-04-29T22:31:21,crazyflie_world_assignment.wbt,0.02,5,"[3.2, 2.7, 1.71] | [4.71, 1.78, 1.46] | [3.4, 2.36, 1.84] | [2.83, 6.1, 1.68] | [5.74, 6.9, 0.83]",2,228.45,,,True,False,True,gate_lost_at=4 | gate_lost_at=4 | timeout_at_real=528s
7,2026-04-29T22:40:09,crazyflie_world_assignment.wbt,0.02,5,"[2.61, 2.61, 1.22] | [5.47, 1.69, 1.51] | [7.01, 4.52, 1.08] | [5.56, 6.97, 0.67] | [2.66, 6.59, 0.77]",0,58.67,81.2,22.53,True,True,False,
8,2026-04-29T22:42:59,crazyflie_world_assignment.wbt,0.01,5,"[2.83, 1.53, 1.43] | [5.77, 1.96, 1.85] | [7.2, 3.26, 1.15] | [5.15, 5.24, 1.13] | [2.32, 6.72, 1.13]",0,61.72,84.59,22.87,True,True,False,
9,2026-04-29T22:46:00,crazyflie_world_assignment.wbt,0.01,5,"[2.44, 1.74, 0.97] | [5.46, 1.37, 1.86] | [6.25, 4.43, 0.85] | [4.79, 7.04, 0.8] | [1.88, 6.42, 1.88]",0,62.43,86.57,24.14,True,True,False,
10,2026-04-29T22:49:01,crazyflie_world_assignment.wbt,0.02,5,"[2.54, 2.18, 1.85] | [5.74, 1.65, 1.1] | [5.9, 4.04, 1.0] | [5.42, 6.15, 1.69] | [2.38, 6.69, 1.18]",0,65.72,87.58,21.86,True,True,False,
11,2026-04-29T22:52:05,crazyflie_world_assignment.wbt,0.01,3,"[3.1, 1.37, 0.77] | [5.58, 5.89, 1.82] | [2.89, 7.26, 1.79] | [6.38, 3.49, 1.25] | [1.88, 1.79, 1.35] | [6.07, 1.95, 1.01] | [7.13, 3.69, 0.82] | [5.35, 5.71, 1.8] | [3.73, 6.22, 1.76] | [2.35, 2.32, 1.85] | [4.27, 2.48, 1.07] | [5.33, 5.34, 1.2]",3,56.7,,,True,False,True,gate_lost_at=2 | gate_lost_at=2 | gate_lost_at=3 | timeout_at_real=528s
12,2026-04-29T23:00:53,crazyflie_world_assignment.wbt,0.02,5,"[3.33, 2.09, 1.27] | [4.93, 2.42, 0.56] | [6.28, 3.75, 1.04] | [5.31, 5.61, 1.4] | [3.09, 5.18, 1.85]",0,60.98,76.93,15.94,True,True,False,
13,2026-04-29T23:03:35,crazyflie_world_assignment.wbt,0.01,5,"[3.2, 1.0, 0.89] | [5.2, 1.07, 1.82] | [7.06, 4.68, 0.85] | [5.22, 6.63, 0.88] | [2.75, 6.23, 1.34] | [3.27, 2.53, 1.42] | [4.84, 2.74, 1.55] | [5.74, 4.28, 1.69] | [4.89, 5.3, 0.83] | [2.67, 6.72, 0.79] | [1.97, 1.75, 1.31] | [5.07, 0.86, 0.71] | [5.78, 4.33, 0.69] | [5.68, 6.29, 1.63] | [1.95, 6.64, 1.57]",0,63.38,87.76,24.38,True,True,False,
